{
  "id": "2440065",
  "name": "student_sign",
  "font_family": "iconfont",
  "css_prefix_text": "my-icon-",
  "description": "",
  "glyphs": [
    {
      "icon_id": "8316565",
      "name": "用户设置",
      "font_class": "yonghushezhi",
      "unicode": "e634",
      "unicode_decimal": 58932
    },
    {
      "icon_id": "8316592",
      "name": "邮件",
      "font_class": "youjian",
      "unicode": "e635",
      "unicode_decimal": 58933
    },
    {
      "icon_id": "8317073",
      "name": "图片",
      "font_class": "tupian",
      "unicode": "e63b",
      "unicode_decimal": 58939
    },
    {
      "icon_id": "8333269",
      "name": "安全",
      "font_class": "anquan",
      "unicode": "e64f",
      "unicode_decimal": 58959
    }
  ]
}
